<?xml version="1.0" encoding="UTF-8" ?>
<!DOCTYPE mapper
  PUBLIC "-//mybatis.org//DTD Mapper 3.0//EN"
  "http://mybatis.org/dtd/mybatis-3-mapper.dtd">

<mapper namespace="team.project.one.dao.CompareMapper">

	<select id="searchCPU" parameterType="String" resultType="CpuVO">
		SELECT
			*
		FROM
			fit_cpu
		WHERE
			UPPER(cpuname)
		LIKE
			UPPER('%'|| #{cpuname} || '%')
	</select>
	
	<select id="searchMB" parameterType="String" resultType="MainBoardVO">
		SELECT
			*
		FROM
			fit_mainboard
		WHERE
			UPPER(name)
		LIKE
			UPPER('%'|| #{name} || '%')
	</select>
	
	<select id="searchGP" parameterType="String" resultType="GpuVO">
		SELECT
			*
		FROM
			fit_gpu
		WHERE
			UPPER(product_name)
		LIKE
			UPPER('%'|| #{product_name} || '%')
	</select>
	
	<select id="searchRAM" parameterType="String" resultType="RamVO">
		SELECT
			*
		FROM
			fit_ram
		WHERE
			UPPER(name)
		LIKE
			UPPER('%'|| #{name} || '%')
	</select>

</mapper>

